[{"name":"emon","phone_number":"01720405060","doctor_name":"Md. Touhidduzaman sagor ","username":"Touhid Sagor","gender":"male","dob":"1997-01-09","visiting_date":"2021-10-07","visiting_time":"22:00","visiting_hospital":"Dhaka medical"},{"name":"Abdullah Emon","phone_number":"01720405060","doctor_name":"Md. Touhidduzaman sagor ","username":"Emon","gender":"male","dob":"1990-01-24","visiting_date":"2021-10-28","visiting_time":"23:00","visiting_hospital":"Dhaka medical Hospital"},{"name":"Abdullah Emon","phone_number":"01720405060","doctor_name":"Md. Touhidduzaman sagor ","username":"Emon","gender":"male","dob":"1990-01-24","visiting_date":"2021-10-28","visiting_time":"23:00","visiting_hospital":"Dhaka medical Hospital"},{"name":"Mazharul Islam","phone_number":"01537139438","doctor_name":"sojoy boss","username":"xcj1 boss","gender":"male","dob":"2021-10-13","visiting_date":"2021-10-13","visiting_time":"12:19","visiting_hospital":"Dhaka medical collage Hospital"}]