[{"hname":"Dhaka medical","husername":"dhaka medical","hpassword":"@dhaka12345","hemail":"dhakamedical@gmail.com","hlocation":"Dhaka medical and hospital","hphone":"01714219973","hedate":"1997-01-29","hosid":"45465","hicuseatno":"54","hoswno":"65","hosnoseat":"1500","hcabinno":"75","hoxav":"Yes"},{"hname":"Dhaka medical","husername":"dhaka medical","hpassword":"@123dhaka4567","hemail":"dhakamedical@gmail.com","hlocation":"Dhaka medical and hospital","hphone":"01714219973","hedate":"1998-01-12","hosid":"5465645","hicuseatno":"44","hoswno":"65","hosnoseat":"1500","hcabinno":"75","hoxav":"Yes"}]