[{"name":"MD Touhiduzzaman Sagor","phone_number":"01714219973","e-mail":"1sagor34@gmail.com","username":"sagor touhid","gender":"male","dob":"1999-01-12","booking_date":"2021-10-26","seats_books":"2","Hospital_name":"Rangpurmedical"},{"name":"MD Touhid","phone_number":"01680221295","e-mail":"1touhid34@gmail.com","username":"touhid34","gender":"male","dob":"1997-01-24","booking_date":"2021-10-27","seats_books":"3","Hospital_name":"Dhakamedical"},{"name":"Mazharul Islam","phone_number":"01314219973","e-mail":"mzh@gmail.com","username":"mazharul Islam","gender":"male","dob":"1995-07-02","booking_date":"2021-10-30","seats_books":"4","Hospital_name":"Rajshahimedical"},{"name":"Islam","phone_number":"01914219973","e-mail":"islam@gmail.com","username":"islam","gender":"male","dob":"1994-01-10","booking_date":"2021-10-28","seats_books":"6","Hospital_name":"Sirsalimullahmedical"},{"name":"sandija tasnim","phone_number":"01814219973","e-mail":"sandija@gmail.com","username":"sandija34","gender":"female","dob":"1994-02-24","booking_date":"2021-10-27","seats_books":"2","Hospital_name":"Chittagongmedical"}]