[{"name":"Bijoy Das","phone_number":"01908462113","e-mail":"bijoy23@gmail.com","username":"bijoy das","gender":"male","doctor_name":"Dr.Shimul islam","dob":"2000-12-24","booking_date":"2021-10-28","booking_time":"11:19","Hospital_name":"Dhakamedical"},{"name":"Robin Sarker","phone_number":"01408462116","e-mail":"robin1@gmail.com","username":"robin sarker","gender":"male","doctor_name":"Dr.Madhubi islam","dob":"1988-01-24","booking_date":"2021-10-29","booking_time":"15:21","Hospital_name":"Rangpurmedical"},{"name":"Niloy barman","phone_number":"01408462116","e-mail":"niloy@gmail.com","username":"niloy barman","gender":"male","doctor_name":"Dr.Hasan Mahmud","dob":"2000-01-02","booking_date":"2021-10-28","booking_time":"17:59","Hospital_name":"Dhaka Medical "},{"Pname":"Mehedi tushar","Pphone_number":null,"Pemail":"sujoy@gmail.com","Pusername":"tushar ahmed","Pgender":"male","doctor_name":"Dr.Madhubi islam","Pdob":"2004-05-16","booking_date":"2021-12-10","booking_time":"14:30","Hospital_name":"Rangpurmedical"},{"Pname":"Mehedi tushar","Pphone":"01908462170","Pemail":"sujoy@gmail.com","Pusername":"tushar ahmed","Pgender":"male","doctor_name":"Dr.Madhubi islam","Pdob":"2004-05-16","booking_date":"2021-12-10","booking_time":"14:30","Hospital_name":"Rangpurmedical"},{"Pname":"Mehedi tushar","Pphone":"01908462170","Pemail":"sujoy@gmail.com","Pusername":"tushar ahmed","Pgender":"male","doctor_name":"Dr.Madhubi islam","Pdob":"2004-05-16","booking_date":"2021-12-10","booking_time":"14:30","Hospital_name":"Rangpurmedical"},{"Pname":"sujoy das","Pphone":"01908462170","Pemail":"sujoy@gmail.com","Pusername":"Sujoy Das","Pgender":"male","doctor_name":"Dr.Madhubi islam","Pdob":"1997-10-15","booking_date":"2021-12-10","booking_time":"02:39","Hospital_name":"Dhaka Medical "},{"name":"Mazharul Islam","phone_number":"01908462119","e-mail":"s1@gmail.com","username":"john doe","gender":"male","doctor_name":"Dr.Hasan Mahmud","dob":"2001-05-09","booking_date":"2021-12-10","booking_time":"14:38","Hospital_name":"ChittagongMedical"}]