[{"name":"Anik islam","phone_number":"01714299337","e-mail":"anik12@gmail.com","username":"aniik islam","gender":"male","dob":"1999-01-25","booking_date":"2021-10-25","seats_books":"2","Hospital_name":"DhakaMedical"},{"name":"Jubayer ahmad","phone_number":"01908462118","e-mail":"touhid03@gmail.com","username":"junbayer ahmad","gender":"male","dob":"1996-01-24","booking_date":"2021-01-26","seats_books":"1","Hospital_name":"ChittagongMedical"},{"name":"Baadhon saha","phone_number":"01408462116","e-mail":"badhon@gmail.com","username":"badhon saha","gender":"male","dob":"2000-01-25","booking_date":"2021-10-26","seats_books":"4","Hospital_name":"Khulna Medical"},{"name":"Baadhon saha","phone_number":"01408462116","e-mail":"badhon@gmail.com","username":"badhon saha","gender":"male","dob":"2000-01-25","booking_date":"2021-10-26","seats_books":"4","Hospital_name":"Khulna Medical"},{"name":"Baadhon saha","phone_number":"01408462116","e-mail":"badhon@gmail.com","username":"badhon saha","gender":"male","dob":"2000-01-25","booking_date":"2021-10-26","seats_books":"4","Hospital_name":"Khulna Medical"}]