[{"name":"Bijoy Das","phone_number":"01908462113","e-mail":"bijoy23@gmail.com","username":"bijoy das","gender":"male","doctor_name":"Dr.Shimul islam","dob":"2000-12-24","booking_date":"2021-10-28","booking_time":"11:19","Hospital_name":"Dhakamedical"},{"name":"Robin Sarker","phone_number":"01408462116","e-mail":"robin1@gmail.com","username":"robin sarker","gender":"male","doctor_name":"Dr.Madhubi islam","dob":"1988-01-24","booking_date":"2021-10-29","booking_time":"15:21","Hospital_name":"Rangpurmedical"},{"name":"Niloy barman","phone_number":"01408462116","e-mail":"niloy@gmail.com","username":"niloy barman","gender":"male","doctor_name":"Dr.Hasan Mahmud","dob":"2000-01-02","booking_date":"2021-10-28","booking_time":"17:59","Hospital_name":"Dhaka Medical "},{"name":"Niloy barman","phone_number":"01408462116","e-mail":"niloy@gmail.com","username":"niloy barman","gender":"male","doctor_name":"Dr.Hasan Mahmud","dob":"2000-01-02","booking_date":"2021-10-28","booking_time":"17:59","Hospital_name":"Dhaka Medical "}]