[{"name":"Sujoy das","username":"sujoy das","email":"dsujoy209@gmail.com","mobile_number":"01797409708","address":"Birpur narsingdhi","gender":"male","dob":"1998-01-04","password":"@1234sujoy10","confirm_password":"@1234sujoy10"},{"name":"Sujoy Das","username":"sujoy das","email":"riderdeath22@gmail.com","mobile_number":"01908452119","address":"Bahmondi Narsingdhi","password":"@123456789","confirm_password":"@123456789","gender":"male","dob":"1997-01-05"},{"Pname":"dipro haque","Pemail":"dipro@gmail.com","Pmobile_number":"01908462170","Paddress":"Kuril dhaka","Pusername":"hque dipro","Ppassword":"@123456789","Pconfirm_password":"@123456789","Pgender":"Male","Pdob":"1996-01-07"},{"Pname":"dipro haque","Pemail":"dipro@gmail.com","Pmobile_number":"01908462170","Paddress":"Birpur narsingdhi","Pusername":"hque dipro","Ppassword":"@SUJOY1234","Pconfirm_password":null,"Pgender":"Male","Pdob":""},{"Pname":"dipro haque","Pemail":"dipro@gmail.com","Pmobile_number":"01908462170","Paddress":"Birpur narsingdhi","Pusername":"hque dipro","Ppassword":"@SUJOY1234","Pconfirm_password":null,"Pgender":"Male","Pdob":""}]